<?xml version="1.0" encoding="UTF-8"?>
<ejb-jar version="3.0" xmlns="http://java.sun.com/xml/ns/javaee"
	xmlns:xsi="http://www.w3.org/2001/XMLSchema-instance"
	xsi:schemaLocation="http://java.sun.com/xml/ns/javaee http://java.sun.com/xml/ns/javaee/ejb-jar_3_0.xsd">
	<display-name>ejb-module</display-name>

	<!--
		enterprise-beans> <session> <description>Clustering failover
		test</description> <ejb-name>Counter</ejb-name>
		<home>beans.failover.interfaces.CounterHome</home>
		<remote>beans.failover.interfaces.Counter</remote>
		<ejb-class>beans.failover.implementation.CounterBean</ejb-class>
		<session-type>Stateful</session-type>
		<transaction-type>Container</transaction-type> </session>
		</enterprise-beans
	-->
	
	<!-- Add this for lab4 Advanced tasks -->
	<assembly-descriptor>
		<interceptor-binding>
			<ejb-name>*</ejb-name>
			<interceptor-class>gov.electoral.nz.aop.SecurityCheck</interceptor-class>
		</interceptor-binding>
	</assembly-descriptor>
	
	

</ejb-jar>