<?xml version="1.0" encoding="UTF-8"?>

<!--
     5.0-compliant messaging destination deployment descriptor for JB325 labs.
     @author David Norwood
 -->
<server>

   <!--
      Queue A. Named such as a hold-over from the default AS 4.x JMS queues.
      This destination is a dependency of an EJB MDB container.
   -->
   <mbean code="org.jboss.jms.server.destination.QueueService"
      name="jboss.messaging.destination:service=Queue,name=A"
      xmbean-dd="xmdesc/Queue-xmbean.xml">
      <depends optional-attribute-name="ServerPeer">jboss.messaging:service=ServerPeer</depends>
      <depends>jboss.messaging:service=PostOffice</depends>
   </mbean>
   
   <!--
      Queue B. Named such as a hold-over from the default AS 4.x JMS queues.
      This destination is a dependency of an EJB MDB container.
   -->
   <mbean code="org.jboss.jms.server.destination.QueueService"
      name="jboss.messaging.destination:service=Queue,name=B"
      xmbean-dd="xmdesc/Queue-xmbean.xml">
      <depends optional-attribute-name="ServerPeer">jboss.messaging:service=ServerPeer</depends>
      <depends>jboss.messaging:service=PostOffice</depends>
   </mbean>   

   <!--
      Queue C. Named such as a hold-over from the default AS 4.x JMS queues.
      This destination is a dependency of an EJB MDB container.
   -->
   <mbean code="org.jboss.jms.server.destination.QueueService"
      name="jboss.messaging.destination:service=Queue,name=C"
      xmbean-dd="xmdesc/Queue-xmbean.xml">
      <depends optional-attribute-name="ServerPeer">jboss.messaging:service=ServerPeer</depends>
      <depends>jboss.messaging:service=PostOffice</depends>
   </mbean>   

   <!--
      Queue D. Named such as a hold-over from the default AS 4.x JMS queues.
      This destination is a dependency of an EJB MDB container.
   -->
   <mbean code="org.jboss.jms.server.destination.QueueService"
      name="jboss.messaging.destination:service=Queue,name=D"
      xmbean-dd="xmdesc/Queue-xmbean.xml">
      <depends optional-attribute-name="ServerPeer">jboss.messaging:service=ServerPeer</depends>
      <depends>jboss.messaging:service=PostOffice</depends>
   </mbean>   

   <!--
      Queue testQueue. Named such as a hold-over from the default AS 4.x JMS queues.
      This destination is a dependency of an EJB MDB container.
   -->
   <mbean code="org.jboss.jms.server.destination.QueueService"
      name="jboss.messaging.destination:service=Queue,name=testQueue"
      xmbean-dd="xmdesc/Queue-xmbean.xml">
      <depends optional-attribute-name="ServerPeer">jboss.messaging:service=ServerPeer</depends>
      <depends>jboss.messaging:service=PostOffice</depends>
   </mbean>   

</server>