<?xml version="1.0" encoding="UTF-8"?>

<!-- ===================================================================== -->
<!--                                                                       -->
<!--  Customized Cache Service Configuration for JB325 labs                -->
<!--                                                                       -->
<!-- ===================================================================== -->
<server>

    <!-- ==================================================================== -->
    <!-- Define PojoCache configuration                                       -->
    <!-- ==================================================================== -->
    <mbean code="org.jboss.cache.pojo.jmx.PojoCacheJmxWrapper"
        name="jboss.cache:service=JB325LabCache">

        <depends>jboss:service=Naming</depends>
        <depends>jboss:service=TransactionManager</depends>
 
        <!-- Name of cluster. Needs to be the same for all nodes in the 
             cluster, in order to find each other
        -->
        <attribute name="ClusterName">Lab-${jboss.partition.name:Cluster}</attribute>
        
        <!--
            Isolation level : SERIALIZABLE
                              REPEATABLE_READ (default)
                              READ_COMMITTED
                              READ_UNCOMMITTED
                              NONE
        -->
        <attribute name="IsolationLevel">REPEATABLE_READ</attribute>

        <!-- Valid modes are LOCAL, REPL_ASYNC and REPL_SYNC
             
             If you use REPL_SYNC and a UDP-based ClusterConfig
             we recommend you comment out the FC (flow control)
             protocol in the ClusterConfig section below.
        -->
        <attribute name="CacheMode">REPL_ASYNC</attribute>

        <!-- 
          Indicates whether to the cache should unmarshall objects replicated
          from other cluster nodes, or store them internally as a byte[]
          until a web app requests them.  Must be "true" if session replication 
          granularity "FIELD" is used in any webapp, otherwise "false" is
          recommended.
        -->
	<attribute name="UseRegionBasedMarshalling">false</attribute>
        
        <!--  Whether or not the entire tree is inactive upon startup, only 
          responding to replication messages after activateRegion() is 
          called to activate one or more parts of the tree when a webapp is
          deployed.  Must have the same value as "UseRegionBasedMarshalling".
        -->
	<attribute name="InactiveOnStartup">false</attribute>
          
        <!--  Make sure to specify BatchModeTransactionManager only! 
        <attribute name="TransactionManagerLookupClass">org.jboss.cache.transaction.DummyTransactionManagerLookup</attribute> -->

        <attribute name="ClusterConfig">
            <!--
            The default UDP stack:
            - If you have a multihomed machine, set the UDP protocol's bind_addr attribute to the
            appropriate NIC IP address, e.g bind_addr="192.168.0.2".
            - On Windows machines, because of the media sense feature being broken with multicast
            (even after disabling media sense) set the UDP protocol's loopback attribute to true
            -->
           <config>
	            <UDP mcast_addr="228.1.2.3" mcast_port="48866"
	                 ip_ttl="64" ip_mcast="true"
	                 mcast_send_buf_size="150000" mcast_recv_buf_size="80000"
	                 ucast_send_buf_size="150000" ucast_recv_buf_size="80000"
	                 loopback="false"/>
	            <PING timeout="2000" num_initial_members="3"/>
	            <MERGE2 min_interval="10000" max_interval="20000"/>
	            <FD shun="true"/>
	            <FD_SOCK/>
	            <VERIFY_SUSPECT timeout="1500"/>
	            <pbcast.NAKACK gc_lag="50" retransmit_timeout="600,1200,2400,4800"
	                           max_xmit_size="8192"/>
	            <UNICAST timeout="600,1200,2400,4800"/>
	            <pbcast.STABLE desired_avg_gossip="400000"/>
	            <FC max_credits="2000000" min_threshold="0.10"/>	<!-- Remove if using REPL_SYNC -->
	            <FRAG2 frag_size="8192"/>
	            <pbcast.GMS join_timeout="5000" join_retry_timeout="2000"
	                        shun="true" print_local_addr="true"/>
	            <pbcast.STATE_TRANSFER/>
           </config>

           <!-- 
               Alternate stack using TCP: customize it for your environment -->
           <!--
		Here you should use the element for getting the stack from an existing JGroups multiplexed stack definition,
		rather than the unique stack found above for UDP.
           -->

        </attribute>

        <!--
            Number of milliseconds to wait until all responses for a
            synchronous call have been received.
        -->
        <attribute name="SyncReplTimeout">20000</attribute>

        <!-- Max number of milliseconds to wait for a lock acquisition -->
        <attribute name="LockAcquisitionTimeout">15000</attribute>
		   
    </mbean>

</server>
