<?xml version="1.0" encoding="UTF-8"?>

	<!-- $Id: mysql-ds.xml 88948 2009-05-15 14:09:08Z jesper.pedersen $ -->
	<!--
		Datasource config for MySQL using 3.0.9 available from:
		http://www.mysql.com/downloads/api-jdbc-stable.html
	-->

<datasources>
	<xa-datasource>
		<jndi-name>XAAccountDS1</jndi-name>
		<xa-datasource-class>org.h2.jdbcx.JdbcDataSource</xa-datasource-class>
		<xa-datasource-property name="User">jb325</xa-datasource-property>
		<xa-datasource-property name="Password">jboss</xa-datasource-property>
		<xa-datasource-property name="URL">jdbc:h2:tcp://localhost:9092/../data/h2/jb325</xa-datasource-property>

		<no-tx-separate-pools />
		<track-connection-by-tx />
		<isSameRM-override-value>false</isSameRM-override-value>

		<user-name>jb325</user-name>
		<password>jboss</password>
		<transaction-isolation>TRANSACTION_READ_COMMITTED</transaction-isolation>
		<min-pool-size>1</min-pool-size>
		<max-pool-size>10</max-pool-size>
		<blocking-timeout-millis>30000</blocking-timeout-millis>
		<idle-timeout-minutes>15</idle-timeout-minutes>
		<prepared-statement-cache-size>0</prepared-statement-cache-size>
	</xa-datasource>

	<xa-datasource>
		<jndi-name>XAAccountDS2</jndi-name>
		<xa-datasource-class>org.h2.jdbcx.JdbcDataSource</xa-datasource-class>
		<xa-datasource-property name="User">jb325</xa-datasource-property>
		<xa-datasource-property name="Password">jboss</xa-datasource-property>
		<xa-datasource-property name="URL">jdbc:h2:tcp://localhost:9092/../data/h2/jb325</xa-datasource-property>

		<no-tx-separate-pools />
		<track-connection-by-tx />
		<isSameRM-override-value>false</isSameRM-override-value>

		<user-name>jb325</user-name>
		<password>jboss</password>
		<transaction-isolation>TRANSACTION_READ_COMMITTED</transaction-isolation>
		<min-pool-size>1</min-pool-size>
		<max-pool-size>10</max-pool-size>
		<blocking-timeout-millis>30000</blocking-timeout-millis>
		<idle-timeout-minutes>15</idle-timeout-minutes>
		<prepared-statement-cache-size>0</prepared-statement-cache-size>
	</xa-datasource>
</datasources>
