<?xml version="1.0" encoding="UTF-8"?>
<!DOCTYPE server
    PUBLIC "-//JBoss//DTD MBean Service 3.2//EN"
    "http://www.jboss.org/j2ee/dtd/jboss-service_3_2.dtd">

<server>

	<!-- The standard mbean you will complete for the lab -->
	<mbean code="gov.doe.us.monitor.JBossMonitor" name="Monitor:name=JBossMonitor">
		<attribute name="Interval">1000</attribute>
	</mbean>

	<!-- The xmbean deployment -->
	<mbean code="gov.doe.us.monitor.MonitorPOJO" xmbean-dd="META-INF/monitor-xmbean.xml"
		name="Monitor:name=MonitorPOJO,type=XMBean">
		<attribute name="CategoryName">name=MonitorPOJO,type=XMBean
		</attribute>
	</mbean>

	<!-- The xmbean with persistence deployment -->
	<mbean code="gov.doe.us.monitor.MonitorPOJO" xmbean-dd="META-INF/persistent-monitor-xmbean.xml"
		name="Monitor:name=MonitorPOJO,type=XMBean,persistent=true">
		<attribute name="CategoryName">
			name=MonitorPOJO,type=XMBean,persistent=true</attribute>
	</mbean>

	<mbean code="gov.doe.us.monitor.JvmMemoryPoolService" 
		name="Monitor:name=JvmMemoryPoolService">
	</mbean>

</server>
