



<!--
    TCP based stack, with flow control and message bundling. This is usually used when IP
    multicasting cannot be used in a network, e.g. because it is disabled (routers discard multicast).
    Note that TCP.bind_addr and TCPPING.initial_hosts should be set, possibly via system properties, e.g.
    -Djgroups.bind_addr=192.168.5.2 and -Djgroups.tcpping.initial_hosts=192.168.5.2[7800]
    author: Bela Ban
    version: $Id: tcp.xml,v 1.8.2.1 2007/03/09 09:14:14 belaban Exp $
-->
<config>
    <TCP start_port="7800"
         loopback="true"
         recv_buf_size="20000000"
         send_buf_size="640000"
         discard_incompatible_packets="true"
         max_bundle_size="64000"
         max_bundle_timeout="30"
         use_incoming_packet_handler="true"
         use_outgoing_packet_handler="false"
         enable_bundling="true"
         use_send_queues="false"
         sock_conn_timeout="300"
         skip_suspected_members="true"/>
    <TCPPING timeout="3000"
             initial_hosts="localhost[7800],localhost[7801]"
             port_range="1"
             num_initial_members="3"/>
    <MERGE2 max_interval="100000" min_interval="20000"/>
    <FD_SOCK />
    <FD timeout="3000" max_tries="5" shun="true"/>
    <VERIFY_SUSPECT timeout="1500" />
    <pbcast.NAKACK max_xmit_size="60000"
                   use_mcast_xmit="false" gc_lag="0"
                   retransmit_timeout="300,600,1200,2400,4800"
                   discard_delivered_msgs="true"/>
    <pbcast.STABLE stability_delay="1000" desired_avg_gossip="50000"
                   max_bytes="400000"/>
    <pbcast.GMS print_local_addr="true" join_timeout="3000"
                join_retry_timeout="2000" shun="true"
                view_bundling="true"/>
    <FC max_credits="2000000" min_threshold="0.10"/>
    <FRAG2 frag_size="60000" />
    <!--pbcast.STREAMING_STATE_TRANSFER down_thread="false" up_thread="false"
                                     use_flush="true" use_reading_thread="true"/-->
    <pbcast.STATE_TRANSFER use_flush="false"/>
    <!-- pbcast.FLUSH down_thread="false" up_thread="false"/-->
</config>