
<!--
Example of a protocol stack based on udp, but with total order (sequencer-based)
Version: $Id: total.xml,v 1.3 2006/09/22 12:36:28 belaban Exp $
-->
<config>
    <UDP bind_addr="192.168.5.1"
         mcast_port="45566" 
         mcast_addr="228.10.10.10"
         tos="16"
         ucast_recv_buf_size="20000000"
         ucast_send_buf_size="640000"
         mcast_recv_buf_size="25000000" 
         mcast_send_buf_size="640000" 
         loopback="false"
         discard_incompatible_packets="true"
         max_bundle_size="64000"
         max_bundle_timeout="30"
         use_incoming_packet_handler="true" 
         use_outgoing_packet_handler="false" 
         ip_ttl="2" 
         down_thread="false" up_thread="false"
         enable_bundling="true"/>
    <PING timeout="2000"
          down_thread="false" up_thread="false" num_initial_members="3"/>
    <!-- MERGE2 max_interval="100000"
            down_thread="false" up_thread="false" min_interval="20000"/ -->
    <FD_SOCK down_thread="false" up_thread="false"/>
    <!--VERIFY_SUSPECT timeout="1500" down_thread="false"/-->
    <pbcast.NAKACK max_xmit_size="60000"
                   use_mcast_xmit="false" gc_lag="0"
                   retransmit_timeout="100,200,300,600,1200,2400,4800"
                   down_thread="false" up_thread="false"
                   discard_delivered_msgs="true"/>
    <UNICAST timeout="300,600,1200,2400,3600"
             down_thread="false" up_thread="false"/>
    <pbcast.STABLE stability_delay="1000" desired_avg_gossip="50000" 
                   down_thread="false" up_thread="false"
                   max_bytes="400000"/>
    <VIEW_SYNC avg_send_interval="60000" down_thread="false" up_thread="false" />
    <pbcast.GMS print_local_addr="true" join_timeout="3000" 
                down_thread="false" up_thread="false"
                join_retry_timeout="2000" shun="true"/>

    <TOTAL up_thread="false" down_thread="false" />
    <!-- FRAG2 frag_size="60000" down_thread="false" up_thread="true"/ -->
    <!-- pbcast.STATE_TRANSFER down_thread="false" up_thread="false"/ -->
    <FC max_credits="2000000" down_thread="false" up_thread="false"
        min_threshold="0.10"/>
</config>
