<!--
  Default stack using IP multicasting. It is similar to the "udp"
  stack in stacks.xml, but doesn't use streaming state transfer and flushing
  author: Bela Ban
  version: $Id: udp.xml,v 1.4 2006/10/27 13:36:55 belaban Exp $
-->

<!-- mcast was 45688 -->
<config>
		<UDP mcast_port="23434"
		     mcast_addr="228.11.11.11"
		     tos="8"
		     ucast_recv_buf_size="20000000"
		     ucast_send_buf_size="640000"
		     mcast_recv_buf_size="25000000"
		     mcast_send_buf_size="640000"
		     loopback="true"
		     discard_incompatible_packets="true"
		     enable_bundling="false"
		     ip_ttl="2"
		     thread_naming_pattern="cl"
		     timer.num_threads="12"
             enable_diagnostics="true"
             diagnostics_addr="224.0.0.75"
             diagnostics_port="7500"
             
		     thread_pool.enabled="true"
		     thread_pool.min_threads="20"
		     thread_pool.max_threads="200"
		     thread_pool.keep_alive_time="5000"
		     thread_pool.queue_enabled="true"
		     thread_pool.queue_max_size="1000"
		     thread_pool.rejection_policy="discard"
		      
		     oob_thread_pool.enabled="true"
		     oob_thread_pool.min_threads="1"
		     oob_thread_pool.max_threads="1000"
		     oob_thread_pool.keep_alive_time="1000"
		     oob_thread_pool.queue_enabled="false"
		     oob_thread_pool.rejection_policy="discard"/>
          <PING timeout="2000" num_initial_members="3"/>
          <MERGE2 max_interval="100000" min_interval="20000"/>
          <FD_SOCK/> 
          <FD timeout="6000" max_tries="5" shun="true"/> 
          <VERIFY_SUSPECT timeout="1500"/>
          <!-- BARRIER/ -->
          <pbcast.NAKACK use_mcast_xmit="true" gc_lag="0"
                   retransmit_timeout="300,600,1200,2400,4800"
                   discard_delivered_msgs="true"/>
          <!-- UNICAST timeout="300,600,1200,2400,3600"/-->
          <pbcast.STABLE stability_delay="1000" desired_avg_gossip="50000"
                   max_bytes="400000"/>
          <!-- VIEW_SYNC avg_send_interval="10000"/-->
          <pbcast.GMS print_local_addr="true" 
                   join_timeout="3000"
                   shun="true"
                   view_bundling="true"                   
                   view_ack_collection_timeout="5000"
                   resume_task_timeout="7500"/>
          <FC max_credits="2000000" min_threshold="0.10" 
              ignore_synchronous_response="true"/>
          <FRAG2 frag_size="60000"/>
          <!-- pbcast.STREAMING_STATE_TRANSFER/ -->
          <pbcast.STATE_TRANSFER/>
          <!-- pbcast.FLUSH timeout="0" start_flush_timeout="10000"/-->
</config>
