<?xml version="1.0" encoding="UTF-8"?>

<jboss xmlns="http://www.jboss.com/xml/ns/javaee" xmlns:xsi="http://www.w3.org/2001/XMLSchema-instance"
	xsi:schemaLocation="http://www.jboss.com/xml/ns/javaee
                        http://www.jboss.org/j2ee/schema/jboss_5_0.xsd"
	version="3.0">
	<!--
		<loader-repository>localhost:loader=testEJB.jar</loader-repository>
	-->
	<enterprise-beans>
		<session>
			<ejb-name>DBManagerBean</ejb-name>
			<jndi-name>ejb/DBManager</jndi-name>
		</session>
		<session>
			<ejb-name>VersionBean</ejb-name>
			<jndi-name>ejb/VersionBean</jndi-name>
		</session>
		<session>
			<ejb-name>CarCounterBean</ejb-name>
			<jndi-name>ejb/CarCounterBean</jndi-name>
		</session>
		<session>
			<ejb-name>DBManagerBean</ejb-name>
			<jndi-name>ejb/DBManagerBean</jndi-name>
		</session>
		<message-driven>
			<ejb-name>MDBListenerA</ejb-name>
			<pool-config>
				<pool-max-size>1</pool-max-size>
				<pool-timeout>5000</pool-timeout>
			</pool-config>
		</message-driven>
		<message-driven>
			<ejb-name>MDBListenerB</ejb-name>
			<pool-config>
				<pool-max-size>1</pool-max-size>
				<pool-timeout>5000</pool-timeout>
			</pool-config>
		</message-driven>
		<message-driven>
			<ejb-name>MDBListenerC</ejb-name>
			<pool-config>
				<pool-max-size>1</pool-max-size>
				<pool-timeout>5000</pool-timeout>
			</pool-config>
		</message-driven>
		<message-driven>
			<ejb-name>MDBListenerD</ejb-name>
			<pool-config>
				<pool-max-size>1</pool-max-size>
				<pool-timeout>5000</pool-timeout>
			</pool-config>
		</message-driven>
	</enterprise-beans>

</jboss>
