<?xml version="1.0" encoding="UTF-8"?>

<!DOCTYPE mbean PUBLIC
   "-//JBoss//DTD JBOSS XMBEAN 1.0//EN"
   "http://www.jboss.org/j2ee/dtd/jboss_xmbean_1_0.dtd">

<mbean>
   <description>The JBoss XMBean version of the monitor server</description>
   <descriptors>
      <persistence persistPolicy="OnUpdate" />
      <currencyTimeLimit value="10"/>
      <state-action-on-update value="keep-running" />
      <persistence-manager value="org.jboss.mx.persistence.DelegatingPersistenceManager" />
   </descriptors>

   <!-- The managed bean implemention -->
   <class>gov.doe.us.monitor.MonitorPOJO</class>
   <constructor>
      <description>The no-arg constructor</description>
      <name>gov.doe.us.monitor.JBossMonitor</name>
   </constructor>

   <!-- Attributes -->
   <attribute access="read-write" getMethod="getInterval" setMethod="setInterval">
      <description>The interval in milliseconds between checks of VM memory and threads</description>
      <name>Interval</name>
      <type>int</type>
      <descriptors>
         <default value="1000" />
      </descriptors>
   </attribute>

   <attribute access="read-write" getMethod="getHistoryLength" setMethod="setHistoryLength">
      <description>The number of previous memory and thread reports to keep</description>
      <name>HistoryLength</name>
      <type>int</type>
      <descriptors>
         <value value="10" />
      </descriptors>
   </attribute>

   <attribute access="read-write" getMethod="getCategoryName" setMethod="setCategoryName">
      <description>The log4j category name</description>
      <name>CategoryName</name>
      <type>java.lang.String</type>
   </attribute>

   <operation>
      <description>The JBoss MBean service start lifecycle operation</description>
      <name>start</name>
      <return-type>void</return-type>
   </operation>
   <operation>
      <description>The JBoss MBean service stop lifecycle operation</description>
      <name>stop</name>
      <return-type>void</return-type>
   </operation>

   <operation>
      <description>Access the last HistoryLength monitor reports</description>
      <name>history</name>
      <return-type>java.lang.String</return-type>
   </operation>

   <notification>
      <description>A notification sent when the monitor interval expires</description>
      <name>javax.management.Notification</name>
      <notification-type>monitor.IntervalElapsed</notification-type>
   </notification>

</mbean>
