<?xml version="1.0" encoding="UTF-8"?>
<!DOCTYPE jboss PUBLIC
   "-//JBoss//DTD JBOSS 3.0//EN"
   "http://www.jboss.org/j2ee/dtd/jboss_3_0.dtd">

<jboss>

   <!-- enterprise-beans>
      <message-driven>
         <ejb-name>MDB</ejb-name>
         <destination-jndi-name>queue/LabQueue</destination-jndi-name>
         <configuration-name>My MDB Container</configuration-name>
      </message-driven>
   </enterprise-beans-->

   <!-- invoker-proxy-bindings>
      <invoker-proxy-binding>
         <name>my-message-driven-bean-binding</name>
         <invoker-mbean>default</invoker-mbean>
         <proxy-factory>org.jboss.ejb.plugins.jms.JMSContainerInvoker</proxy-factory>
         <proxy-factory-config>
            <JMSProviderAdapterJNDI>DefaultJMSProvider</JMSProviderAdapterJNDI>
            <ServerSessionPoolFactoryJNDI>StdJMSPool</ServerSessionPoolFactoryJNDI>
            <MinimumSize>1</MinimumSize>
            <MaximumSize>1</MaximumSize>
            <KeepAliveMillis>30000</KeepAliveMillis>
            <MaxMessages>1</MaxMessages>
            <MDBConfig>
               <ReconnectIntervalSec>10</ReconnectIntervalSec>
               <DLQConfig>
                  <DestinationQueue>queue/DLQ</DestinationQueue>
                  <MaxTimesRedelivered>10</MaxTimesRedelivered>
                  <TimeToLive>0</TimeToLive>
               </DLQConfig>
            </MDBConfig>
         </proxy-factory-config>
      </invoker-proxy-binding>
   </invoker-proxy-bindings-->

   <!-- container-configurations>
      <container-configuration extends="Standard Message Driven Bean">
         <container-name>My MDB Container</container-name>
         <invoker-proxy-binding-name>my-message-driven-bean-binding</invoker-proxy-binding-name>
      </container-configuration>
   </container-configurations-->

</jboss>
