<?xml version="1.0" encoding="UTF-8"?>

<!-- The H2 JCA connection factory configuration - Local Transaction Datasource-->


<datasources>
	<local-tx-datasource>

		<jndi-name>H2LocalTxDS</jndi-name>

		<!-- Connection path to DB is relative to the location of the h2.jar library (the {profile}/lib folder) -->
		<connection-url>
			jdbc:h2:tcp://localhost:9092/../data/h2/jb325
		</connection-url>

		<!-- The driver class -->
		<driver-class>org.h2.Driver</driver-class>

		<!-- The login and password -->
		<user-name>jb325</user-name>
		<password>jboss</password>

		<!-- The minimum connections in a pool/sub-pool. Pools are lazily constructed on first use -->
		<min-pool-size>1</min-pool-size>

		<!-- The maximum connections in a pool/sub-pool -->
		<max-pool-size>10</max-pool-size>

		<!-- Timeout settings -->
		<!-- <idle-timeout-minutes>5</idle-timeout-minutes> -->
		<blocking-timeout-millis>5000</blocking-timeout-millis>

		<!-- corresponding type-mapping in the standardjbosscmp-jdbc.xml -->
		<metadata>
			<type-mapping>Hypersonic SQL</type-mapping>
		</metadata>

	</local-tx-datasource>

</datasources>
