<?xml version="1.0" encoding="UTF-8"?>

<!-- XA Datasource for H2 Database - JBoss GLS/Red Hat Training bbendrot -->

<datasources>
  <xa-datasource>
    <jndi-name>H2XATxDS</jndi-name>
    
    <xa-datasource-class>org.h2.jdbcx.JdbcDataSource</xa-datasource-class>
    
    <xa-datasource-property name="User">jb325</xa-datasource-property>
    
    <xa-datasource-property name="Password">jboss</xa-datasource-property>
    
    <xa-datasource-property name="URL">jdbc:h2:tcp://localhost:9092/../data/h2/jb325</xa-datasource-property>
    
    <no-tx-separate-pools/>
        <track-connection-by-tx/>
    <isSameRM-override-value>false</isSameRM-override-value>

    <user-name>jb325</user-name>
        <password>jboss</password>
        <transaction-isolation>TRANSACTION_READ_COMMITTED</transaction-isolation>
        <min-pool-size>1</min-pool-size>
        <max-pool-size>10</max-pool-size>
        <blocking-timeout-millis>30000</blocking-timeout-millis>
        <idle-timeout-minutes>15</idle-timeout-minutes>
        <prepared-statement-cache-size>0</prepared-statement-cache-size>
    <check-valid-connection-sql>SELECT * FROM DUAL</check-valid-connection-sql>
  </xa-datasource>
</datasources>

